transaction_id,account_id,timestamp,amount,currency,merchant,country,channel,mcc_code,counterparty_id,counterparty_name
TXN-00004,ACC-1008,2026-06-01T05:44:00,311.82,USD,Grocery Mart,SG,CARD,6011,,
TXN-00364,ACC-1004,2026-06-01T06:32:00,861.92,USD,Grocery Mart,SG,ACH,6051,,
TXN-00144,ACC-1014,2026-06-01T23:09:00,536.93,USD,Wire Transfer,SG,ACH,7995,,
TXN-00334,ACC-1008,2026-06-01T23:13:00,1179.25,USD,Shell Gas,CA,ACH,7995,,
TXN-00320,ACC-1005,2026-06-01T23:21:00,448.85,USD,Cash Deposit Kiosk,DE,WIRE,6051,BEN-1002,Morgan Lee
TXN-00181,ACC-1020,2026-06-02T01:30:00,157.14,USD,ATM Withdrawal,SG,ACH,7995,,
TXN-00279,ACC-1020,2026-06-02T15:56:00,264.05,USD,Payroll Inc,AU,CARD,5999,,
TXN-00367,ACC-1009,2026-06-02T16:52:00,409.06,USD,ATM Withdrawal,AU,WIRE,5411,BEN-1001,Alex Rivera
TXN-00243,ACC-1017,2026-06-02T20:32:00,1045.58,USD,Crypto Exchange Alpha,CA,WIRE,7995,BEN-1003,Jordan Kim
TXN-00156,ACC-1009,2026-06-02T21:25:00,3141.17,USD,Amazon,DE,P2P,6051,BEN-1001,Alex Rivera
TXN-00294,ACC-1001,2026-06-03T01:08:00,597.48,USD,Grocery Mart,AU,ATM,6051,,
TXN-00316,ACC-1023,2026-06-03T05:26:00,854.19,USD,Amazon,GB,ATM,7995,,
TXN-00159,ACC-1020,2026-06-03T09:50:00,830.65,USD,Amazon,SG,P2P,5999,BEN-1003,Jordan Kim
TXN-00029,ACC-1002,2026-06-03T10:04:00,292.7,USD,Crypto Exchange Alpha,CA,CARD,5999,,
TXN-00342,ACC-1019,2026-06-03T14:38:00,528.19,USD,Amazon,AU,WIRE,7995,BEN-1001,Alex Rivera
TXN-00261,ACC-1018,2026-06-03T19:09:00,377.86,USD,Consulting Fees Ltd,AU,CARD,4829,,
TXN-00246,ACC-1015,2026-06-03T20:24:00,239.26,USD,Offshore Holdings LLC,DE,ACH,4829,,
TXN-00257,ACC-1014,2026-06-03T23:55:00,185.22,USD,Cash Deposit Kiosk,DE,ATM,4829,,
TXN-00363,ACC-1021,2026-06-04T00:26:00,627.59,USD,Crypto Exchange Alpha,GB,ACH,5999,,
TXN-00039,ACC-1010,2026-06-04T01:37:00,500.97,USD,Payroll Inc,SG,P2P,5411,BEN-1002,Morgan Lee
TXN-00258,ACC-1020,2026-06-04T02:42:00,657.34,USD,ATM Withdrawal,AU,CARD,6051,,
TXN-00273,ACC-1016,2026-06-04T03:33:00,408.0,USD,Offshore Holdings LLC,GB,WIRE,4829,BEN-1002,Morgan Lee
TXN-00012,ACC-1010,2026-06-04T07:52:00,526.45,USD,Grocery Mart,US,ATM,4829,,
TXN-00288,ACC-1001,2026-06-04T09:31:00,549.55,USD,Consulting Fees Ltd,CA,CARD,6051,,
TXN-00215,ACC-1018,2026-06-04T11:32:00,929.7,USD,Offshore Holdings LLC,US,ATM,7995,,
TXN-00216,ACC-1001,2026-06-04T11:53:00,172.41,USD,Shell Gas,DE,ACH,6051,,
TXN-00237,ACC-1013,2026-06-04T12:32:00,495.27,USD,Crypto Exchange Alpha,DE,ATM,5411,,
TXN-00333,ACC-1018,2026-06-04T17:29:00,191.54,USD,Offshore Holdings LLC,AU,ACH,7995,,
TXN-00300,ACC-1023,2026-06-04T18:30:00,162.08,USD,Payroll Inc,GB,P2P,6011,BEN-1004,Taylor Brooks
TXN-00252,ACC-1024,2026-06-04T20:21:00,4164.58,USD,Shell Gas,DE,CARD,7995,,
TXN-00035,ACC-1003,2026-06-04T20:34:00,105.33,USD,Shell Gas,US,WIRE,7995,BEN-1002,Morgan Lee
TXN-00044,ACC-1024,2026-06-05T00:29:00,79.33,USD,Cash Deposit Kiosk,CA,ACH,5411,,
TXN-00271,ACC-1018,2026-06-05T04:20:00,83.14,USD,Shell Gas,AU,ATM,7995,,
TXN-00196,ACC-1012,2026-06-05T04:47:00,152.59,USD,Amazon,AU,ACH,5999,,
TXN-00260,ACC-1004,2026-06-05T07:49:00,145.53,USD,Grocery Mart,AU,CARD,7995,,
TXN-00059,ACC-1008,2026-06-05T08:22:00,1179.8,USD,Payroll Inc,AU,ATM,5999,,
TXN-00206,ACC-1014,2026-06-05T10:36:00,710.9,USD,Cash Deposit Kiosk,SG,ATM,5999,,
TXN-00291,ACC-1009,2026-06-05T12:32:00,234.56,USD,Payroll Inc,SG,CARD,6051,,
TXN-00397,ACC-1022,2026-06-05T13:43:00,1788.73,USD,Wire Transfer,SG,CARD,6011,,
TXN-00245,ACC-1011,2026-06-05T16:34:00,279.23,USD,Payroll Inc,CA,P2P,7995,BEN-1001,Alex Rivera
TXN-00262,ACC-1014,2026-06-05T18:08:00,11.41,USD,Grocery Mart,CA,ATM,4829,,
TXN-00089,ACC-1020,2026-06-05T20:02:00,709.52,USD,Crypto Exchange Alpha,US,WIRE,6051,BEN-1001,Alex Rivera
TXN-00240,ACC-1000,2026-06-06T00:16:00,168.72,USD,Wire Transfer,GB,P2P,6051,BEN-1005,Casey Nguyen
TXN-00040,ACC-1016,2026-06-06T05:04:00,908.97,USD,Shell Gas,CA,WIRE,5411,BEN-1004,Taylor Brooks
TXN-00117,ACC-1021,2026-06-06T05:15:00,111.55,USD,Payroll Inc,GB,ACH,6011,,
TXN-00002,ACC-1000,2026-06-06T06:14:00,822.59,USD,Cash Deposit Kiosk,CA,ACH,6051,,
TXN-00114,ACC-1009,2026-06-06T07:07:00,326.49,USD,ATM Withdrawal,CA,P2P,6051,BEN-1005,Casey Nguyen
TXN-00102,ACC-1006,2026-06-06T07:46:00,276.72,USD,Consulting Fees Ltd,SG,P2P,5999,BEN-1002,Morgan Lee
TXN-00135,ACC-1013,2026-06-06T07:53:00,2219.26,USD,Consulting Fees Ltd,US,ACH,5999,,
TXN-00160,ACC-1004,2026-06-06T09:20:00,138.08,USD,ATM Withdrawal,AU,WIRE,6011,BEN-1002,Morgan Lee
TXN-00163,ACC-1011,2026-06-06T12:00:00,163.57,USD,Payroll Inc,DE,ACH,7995,,
TXN-00287,ACC-1000,2026-06-06T12:32:00,770.58,USD,Crypto Exchange Alpha,SG,WIRE,4829,BEN-1005,Casey Nguyen
TXN-00124,ACC-1014,2026-06-06T19:02:00,769.35,USD,Grocery Mart,SG,P2P,5411,BEN-1003,Jordan Kim
TXN-00385,ACC-1013,2026-06-07T00:05:00,476.01,USD,Payroll Inc,DE,ACH,6051,,
TXN-00383,ACC-1011,2026-06-07T02:00:00,226.26,USD,Consulting Fees Ltd,DE,CARD,4829,,
TXN-00219,ACC-1014,2026-06-07T10:45:00,441.45,USD,Payroll Inc,US,WIRE,6011,BEN-1001,Alex Rivera
TXN-00009,ACC-1007,2026-06-07T12:17:00,732.76,USD,Grocery Mart,SG,WIRE,4829,BEN-1003,Jordan Kim
TXN-00057,ACC-1022,2026-06-07T12:55:00,287.11,USD,Consulting Fees Ltd,US,WIRE,7995,BEN-1002,Morgan Lee
TXN-00289,ACC-1000,2026-06-07T13:08:00,203.37,USD,Grocery Mart,DE,ATM,4829,,
TXN-00092,ACC-1009,2026-06-07T18:01:00,186.37,USD,Cash Deposit Kiosk,DE,ATM,7995,,
TXN-00165,ACC-1011,2026-06-07T21:14:00,635.28,USD,Amazon,SG,P2P,4829,BEN-1005,Casey Nguyen
TXN-00000,ACC-1020,2026-06-08T00:47:00,696.72,USD,Crypto Exchange Alpha,DE,WIRE,5999,BEN-1002,Morgan Lee
TXN-00167,ACC-1013,2026-06-08T04:02:00,3250.2,USD,Offshore Holdings LLC,US,ATM,5411,,
TXN-00268,ACC-1007,2026-06-08T06:50:00,248.63,USD,Crypto Exchange Alpha,GB,ATM,5411,,
TXN-00027,ACC-1014,2026-06-08T07:14:00,609.88,USD,Grocery Mart,US,ACH,6051,,
TXN-00235,ACC-1016,2026-06-08T09:05:00,810.22,USD,Offshore Holdings LLC,GB,ATM,6051,,
TXN-00241,ACC-1013,2026-06-08T09:15:00,355.59,USD,Shell Gas,DE,ACH,6011,,
TXN-00019,ACC-1010,2026-06-08T09:27:00,85.32,USD,Consulting Fees Ltd,GB,ACH,5999,,
TXN-00062,ACC-1016,2026-06-08T12:57:00,119.47,USD,Crypto Exchange Alpha,CA,CARD,5411,,
TXN-00190,ACC-1021,2026-06-08T13:22:00,246.86,USD,ATM Withdrawal,AU,ACH,4829,,
TXN-00185,ACC-1022,2026-06-08T20:41:00,884.83,USD,Crypto Exchange Alpha,CA,ATM,7995,,
TXN-00331,ACC-1014,2026-06-08T21:13:00,150.36,USD,Cash Deposit Kiosk,AU,ATM,5411,,
TXN-00177,ACC-1000,2026-06-09T00:22:00,1995.97,USD,Cash Deposit Kiosk,GB,CARD,5411,,
TXN-00053,ACC-1013,2026-06-09T01:19:00,790.64,USD,Amazon,DE,CARD,6011,,
TXN-00384,ACC-1003,2026-06-09T02:11:00,175.03,USD,Consulting Fees Ltd,SG,P2P,6051,BEN-1005,Casey Nguyen
TXN-00138,ACC-1023,2026-06-09T02:17:00,987.2,USD,Grocery Mart,SG,P2P,5411,BEN-1003,Jordan Kim
TXN-00079,ACC-1002,2026-06-09T04:14:00,45.32,USD,Wire Transfer,SG,WIRE,7995,BEN-1001,Alex Rivera
TXN-00110,ACC-1017,2026-06-09T08:02:00,48.88,USD,Payroll Inc,US,CARD,5999,,
TXN-00203,ACC-1024,2026-06-09T08:18:00,1285.86,USD,Shell Gas,DE,ACH,7995,,
TXN-00086,ACC-1013,2026-06-09T14:11:00,1104.27,USD,Offshore Holdings LLC,US,ATM,4829,,
TXN-00377,ACC-1024,2026-06-09T22:46:00,493.58,USD,Payroll Inc,US,CARD,5411,,
TXN-00176,ACC-1008,2026-06-10T04:34:00,409.24,USD,Wire Transfer,DE,ACH,5999,,
TXN-00368,ACC-1016,2026-06-10T07:12:00,449.19,USD,Payroll Inc,CA,CARD,4829,,
TXN-00055,ACC-1023,2026-06-10T07:55:00,1123.73,USD,Wire Transfer,GB,ATM,5411,,
TXN-00309,ACC-1011,2026-06-10T09:02:00,322.98,USD,Shell Gas,DE,CARD,7995,,
TXN-00224,ACC-1021,2026-06-10T11:19:00,240.06,USD,ATM Withdrawal,AU,WIRE,5999,BEN-1005,Casey Nguyen
TXN-00214,ACC-1010,2026-06-10T14:04:00,285.2,USD,Consulting Fees Ltd,SG,CARD,4829,,
TXN-00349,ACC-1022,2026-06-10T14:58:00,319.01,USD,Payroll Inc,US,ATM,7995,,
TXN-00295,ACC-1014,2026-06-10T19:57:00,188.26,USD,Wire Transfer,CA,CARD,6051,,
TXN-00296,ACC-1010,2026-06-11T12:39:00,1085.24,USD,Offshore Holdings LLC,AU,P2P,6051,BEN-1003,Jordan Kim
TXN-00286,ACC-1024,2026-06-11T15:32:00,341.39,USD,Consulting Fees Ltd,SG,CARD,7995,,
TXN-00069,ACC-1023,2026-06-11T21:05:00,198.42,USD,Payroll Inc,DE,P2P,5411,BEN-1003,Jordan Kim
TXN-00322,ACC-1003,2026-06-12T04:30:00,164.01,USD,Crypto Exchange Alpha,DE,ACH,4829,,
TXN-00034,ACC-1013,2026-06-12T08:29:00,997.05,USD,Shell Gas,GB,ATM,6051,,
TXN-00346,ACC-1018,2026-06-12T20:43:00,82.03,USD,Payroll Inc,SG,ATM,5411,,
TXN-00250,ACC-1009,2026-06-13T01:50:00,100.79,USD,Amazon,GB,CARD,4829,,
TXN-00093,ACC-1022,2026-06-13T02:37:00,281.34,USD,Crypto Exchange Alpha,AU,ACH,5999,,
TXN-00319,ACC-1008,2026-06-13T03:21:00,349.62,USD,Consulting Fees Ltd,GB,CARD,5999,,
TXN-00212,ACC-1008,2026-06-13T05:38:00,1152.17,USD,Shell Gas,GB,WIRE,7995,BEN-1004,Taylor Brooks
TXN-00211,ACC-1016,2026-06-13T11:22:00,1406.87,USD,Wire Transfer,AU,WIRE,6011,BEN-1001,Alex Rivera
TXN-00330,ACC-1016,2026-06-13T18:34:00,398.03,USD,Wire Transfer,GB,CARD,6051,,
TXN-00158,ACC-1020,2026-06-13T19:16:00,108.81,USD,Wire Transfer,AU,ACH,5999,,
TXN-00026,ACC-1022,2026-06-13T22:19:00,113.74,USD,Grocery Mart,SG,ATM,6051,,
TXN-00072,ACC-1018,2026-06-13T22:44:00,387.84,USD,Consulting Fees Ltd,SG,ATM,6011,,
TXN-00354,ACC-1006,2026-06-13T23:07:00,395.08,USD,Consulting Fees Ltd,AU,WIRE,5999,BEN-1005,Casey Nguyen
TXN-00328,ACC-1021,2026-06-14T07:43:00,801.54,USD,Shell Gas,CA,P2P,6051,BEN-1004,Taylor Brooks
TXN-00227,ACC-1005,2026-06-14T10:49:00,123.28,USD,Crypto Exchange Alpha,SG,WIRE,6011,BEN-1002,Morgan Lee
TXN-00197,ACC-1016,2026-06-14T12:26:00,477.75,USD,Grocery Mart,SG,WIRE,4829,BEN-1003,Jordan Kim
TXN-00045,ACC-1017,2026-06-14T16:16:00,182.76,USD,Grocery Mart,GB,ACH,6011,,
TXN-00030,ACC-1015,2026-06-14T17:08:00,208.12,USD,Cash Deposit Kiosk,AU,P2P,6011,BEN-1004,Taylor Brooks
TXN-00013,ACC-1002,2026-06-14T18:56:00,49.18,USD,Grocery Mart,AU,WIRE,7995,BEN-1004,Taylor Brooks
TXN-00238,ACC-1011,2026-06-15T00:20:00,194.81,USD,Grocery Mart,US,WIRE,5411,BEN-1002,Morgan Lee
TXN-00192,ACC-1015,2026-06-15T03:22:00,510.56,USD,Grocery Mart,CA,ACH,4829,,
TXN-00083,ACC-1015,2026-06-15T08:27:00,228.13,USD,Amazon,SG,ATM,4829,,
TXN-00274,ACC-1022,2026-06-15T11:33:00,137.05,USD,Shell Gas,DE,CARD,6011,,
TXN-00193,ACC-1018,2026-06-15T13:54:00,102.48,USD,Cash Deposit Kiosk,CA,P2P,5411,BEN-1005,Casey Nguyen
TXN-00343,ACC-1014,2026-06-15T17:13:00,230.99,USD,Wire Transfer,US,P2P,6011,BEN-1003,Jordan Kim
TXN-00028,ACC-1017,2026-06-15T18:14:00,208.37,USD,Shell Gas,US,ACH,6011,,
TXN-00180,ACC-1016,2026-06-15T19:02:00,802.9,USD,Payroll Inc,AU,CARD,7995,,
TXN-00166,ACC-1019,2026-06-15T20:04:00,996.52,USD,Consulting Fees Ltd,AU,CARD,5999,,
TXN-00121,ACC-1017,2026-06-15T20:09:00,148.36,USD,Wire Transfer,DE,ACH,5411,,
TXN-00125,ACC-1002,2026-06-15T21:53:00,4489.52,USD,Cash Deposit Kiosk,CA,ACH,5999,,
TXN-00301,ACC-1021,2026-06-16T01:36:00,217.85,USD,Shell Gas,AU,WIRE,7995,BEN-1001,Alex Rivera
TXN-00090,ACC-1004,2026-06-16T04:30:00,448.89,USD,Shell Gas,AU,P2P,7995,BEN-1002,Morgan Lee
TXN-00174,ACC-1010,2026-06-16T04:50:00,546.95,USD,Crypto Exchange Alpha,CA,ACH,6051,,
TXN-00011,ACC-1023,2026-06-16T05:29:00,241.7,USD,Offshore Holdings LLC,SG,P2P,5999,BEN-1002,Morgan Lee
TXN-00155,ACC-1003,2026-06-16T12:36:00,183.87,USD,Cash Deposit Kiosk,DE,CARD,5999,,
TXN-00137,ACC-1015,2026-06-16T14:35:00,283.08,USD,ATM Withdrawal,GB,WIRE,6051,BEN-1005,Casey Nguyen
TXN-00231,ACC-1021,2026-06-16T14:39:00,511.89,USD,Consulting Fees Ltd,DE,WIRE,6011,BEN-1005,Casey Nguyen
TXN-00323,ACC-1012,2026-06-16T14:48:00,4030.42,USD,Grocery Mart,DE,CARD,6051,,
TXN-00168,ACC-1003,2026-06-16T17:08:00,307.99,USD,Consulting Fees Ltd,SG,CARD,5999,,
TXN-00041,ACC-1018,2026-06-16T18:38:00,487.12,USD,Cash Deposit Kiosk,US,ACH,7995,,
TXN-00077,ACC-1008,2026-06-16T20:17:00,290.35,USD,Consulting Fees Ltd,CA,WIRE,7995,BEN-1003,Jordan Kim
TXN-00147,ACC-1002,2026-06-16T20:43:00,94.4,USD,Crypto Exchange Alpha,DE,ACH,7995,,
TXN-00054,ACC-1021,2026-06-16T21:06:00,1254.01,USD,Payroll Inc,DE,ATM,6051,,
TXN-00070,ACC-1024,2026-06-16T21:19:00,600.36,USD,Crypto Exchange Alpha,GB,WIRE,5411,BEN-1001,Alex Rivera
TXN-00178,ACC-1005,2026-06-17T01:08:00,301.53,USD,ATM Withdrawal,AU,P2P,5999,BEN-1001,Alex Rivera
TXN-00234,ACC-1004,2026-06-17T01:41:00,4265.6,USD,Grocery Mart,SG,P2P,5999,BEN-1001,Alex Rivera
TXN-00006,ACC-1019,2026-06-17T01:46:00,2291.89,USD,Payroll Inc,SG,ACH,7995,,
TXN-00091,ACC-1022,2026-06-17T11:10:00,1170.88,USD,Cash Deposit Kiosk,CA,ACH,6011,,
TXN-00037,ACC-1012,2026-06-17T14:18:00,46.73,USD,Payroll Inc,SG,ATM,6011,,
TXN-00020,ACC-1023,2026-06-17T16:48:00,2022.75,USD,Payroll Inc,GB,ACH,5999,,
TXN-00025,ACC-1005,2026-06-17T16:55:00,455.78,USD,ATM Withdrawal,CA,WIRE,5999,BEN-1005,Casey Nguyen
TXN-00120,ACC-1007,2026-06-17T20:37:00,963.08,USD,Crypto Exchange Alpha,AU,ATM,5411,,
TXN-00310,ACC-1020,2026-06-17T23:30:00,317.52,USD,Crypto Exchange Alpha,GB,P2P,6051,BEN-1003,Jordan Kim
TXN-00254,ACC-1016,2026-06-18T02:46:00,75.85,USD,Shell Gas,SG,ATM,6051,,
TXN-00311,ACC-1022,2026-06-18T04:06:00,1351.07,USD,Cash Deposit Kiosk,CA,WIRE,5411,BEN-1002,Morgan Lee
TXN-00263,ACC-1020,2026-06-18T07:07:00,130.74,USD,Wire Transfer,US,ATM,6051,,
TXN-00308,ACC-1023,2026-06-18T09:07:00,736.42,USD,Payroll Inc,CA,ATM,7995,,
TXN-00388,ACC-1004,2026-06-18T09:17:00,1147.64,USD,Wire Transfer,SG,ACH,6011,,
TXN-00389,ACC-1013,2026-06-18T13:19:00,213.88,USD,Shell Gas,SG,CARD,4829,,
TXN-00306,ACC-1007,2026-06-18T17:19:00,1644.89,USD,Offshore Holdings LLC,GB,CARD,5999,,
TXN-00183,ACC-1004,2026-06-18T19:40:00,685.89,USD,Payroll Inc,CA,CARD,7995,,
TXN-00108,ACC-1015,2026-06-18T23:37:00,535.56,USD,Cash Deposit Kiosk,CA,CARD,5411,,
TXN-00317,ACC-1005,2026-06-19T01:00:00,286.78,USD,Cash Deposit Kiosk,DE,P2P,4829,BEN-1001,Alex Rivera
TXN-00228,ACC-1002,2026-06-19T03:32:00,183.67,USD,Payroll Inc,CA,ACH,5999,,
TXN-00046,ACC-1011,2026-06-19T05:28:00,243.06,USD,Offshore Holdings LLC,CA,P2P,5411,BEN-1005,Casey Nguyen
TXN-00038,ACC-1006,2026-06-19T06:03:00,93.6,USD,Payroll Inc,CA,ACH,5999,,
TXN-00109,ACC-1006,2026-06-19T07:23:00,371.71,USD,Offshore Holdings LLC,GB,ACH,5999,,
TXN-00233,ACC-1024,2026-06-19T12:32:00,197.01,USD,ATM Withdrawal,CA,WIRE,6051,BEN-1002,Morgan Lee
TXN-00133,ACC-1004,2026-06-19T14:56:00,679.22,USD,Consulting Fees Ltd,AU,ACH,5411,,
TXN-00201,ACC-1003,2026-06-19T21:43:00,747.6,USD,Consulting Fees Ltd,CA,P2P,5411,BEN-1003,Jordan Kim
TXN-00119,ACC-1007,2026-06-19T22:18:00,922.54,USD,Consulting Fees Ltd,AU,ACH,5999,,
TXN-00391,ACC-1004,2026-06-20T00:25:00,693.06,USD,Cash Deposit Kiosk,DE,ATM,4829,,
TXN-00023,ACC-1011,2026-06-20T07:03:00,84.16,USD,Cash Deposit Kiosk,GB,ACH,5411,,
TXN-00058,ACC-1011,2026-06-20T07:14:00,580.79,USD,Crypto Exchange Alpha,US,ATM,4829,,
TXN-00195,ACC-1024,2026-06-20T10:22:00,616.37,USD,Wire Transfer,US,WIRE,5999,BEN-1005,Casey Nguyen
TXN-00191,ACC-1019,2026-06-20T11:06:00,1034.88,USD,Payroll Inc,CA,WIRE,5999,BEN-1002,Morgan Lee
TXN-00348,ACC-1004,2026-06-20T12:11:00,183.04,USD,Consulting Fees Ltd,CA,WIRE,4829,BEN-1002,Morgan Lee
TXN-00270,ACC-1002,2026-06-20T12:45:00,1969.24,USD,Consulting Fees Ltd,AU,P2P,7995,BEN-1004,Taylor Brooks
TXN-00082,ACC-1011,2026-06-20T12:54:00,2050.18,USD,Payroll Inc,SG,P2P,6011,BEN-1005,Casey Nguyen
TXN-00256,ACC-1009,2026-06-20T14:38:00,1625.55,USD,ATM Withdrawal,AU,WIRE,4829,BEN-1004,Taylor Brooks
TXN-00225,ACC-1002,2026-06-20T17:24:00,1336.55,USD,Grocery Mart,AU,WIRE,5411,BEN-1005,Casey Nguyen
TXN-00139,ACC-1009,2026-06-20T18:37:00,104.17,USD,Consulting Fees Ltd,AU,WIRE,6051,BEN-1004,Taylor Brooks
TXN-00122,ACC-1005,2026-06-20T19:47:00,1887.62,USD,Offshore Holdings LLC,CA,ATM,5411,,
TXN-00094,ACC-1024,2026-06-20T21:38:00,262.09,USD,Cash Deposit Kiosk,US,ACH,4829,,
TXN-00370,ACC-1007,2026-06-20T21:52:00,414.45,USD,Amazon,US,ACH,7995,,
TXN-00379,ACC-1012,2026-06-21T00:40:00,165.81,USD,Consulting Fees Ltd,DE,ATM,6011,,
TXN-00149,ACC-1001,2026-06-21T01:18:00,559.3,USD,Grocery Mart,DE,ATM,6011,,
TXN-00107,ACC-1006,2026-06-21T03:47:00,488.84,USD,Wire Transfer,CA,WIRE,5999,BEN-1002,Morgan Lee
TXN-00100,ACC-1015,2026-06-21T05:31:00,85.04,USD,Grocery Mart,GB,CARD,4829,,
TXN-00130,ACC-1002,2026-06-21T08:20:00,73.28,USD,ATM Withdrawal,US,P2P,5999,BEN-1001,Alex Rivera
TXN-00386,ACC-1019,2026-06-21T12:00:00,587.53,USD,ATM Withdrawal,DE,ATM,5411,,
TXN-00187,ACC-1003,2026-06-21T13:20:00,372.37,USD,Offshore Holdings LLC,AU,CARD,6011,,
TXN-00198,ACC-1023,2026-06-21T18:38:00,430.11,USD,Amazon,US,WIRE,6051,BEN-1002,Morgan Lee
TXN-00304,ACC-1017,2026-06-21T21:30:00,394.26,USD,ATM Withdrawal,CA,CARD,6011,,
TXN-00060,ACC-1017,2026-06-22T00:07:00,238.15,USD,Wire Transfer,DE,P2P,5411,BEN-1003,Jordan Kim
TXN-00222,ACC-1020,2026-06-22T02:21:00,858.24,USD,Payroll Inc,US,ATM,4829,,
TXN-00005,ACC-1006,2026-06-22T03:05:00,311.83,USD,Shell Gas,SG,CARD,4829,,
TXN-00033,ACC-1023,2026-06-22T03:15:00,126.03,USD,Crypto Exchange Alpha,GB,P2P,6011,BEN-1004,Taylor Brooks
TXN-00162,ACC-1009,2026-06-22T03:29:00,1442.96,USD,Wire Transfer,US,WIRE,6051,BEN-1004,Taylor Brooks
TXN-00210,ACC-1023,2026-06-22T07:21:00,755.95,USD,Shell Gas,GB,P2P,6051,BEN-1001,Alex Rivera
TXN-00128,ACC-1013,2026-06-22T10:42:00,450.17,USD,Wire Transfer,US,CARD,7995,,
TXN-00056,ACC-1005,2026-06-22T13:51:00,160.27,USD,Crypto Exchange Alpha,AU,CARD,6011,,
TXN-00392,ACC-1014,2026-06-22T13:52:00,94.42,USD,Cash Deposit Kiosk,AU,WIRE,4829,BEN-1003,Jordan Kim
TXN-00080,ACC-1013,2026-06-22T17:29:00,316.83,USD,Amazon,SG,WIRE,7995,BEN-1004,Taylor Brooks
TXN-00277,ACC-1019,2026-06-22T18:02:00,208.46,USD,Shell Gas,US,ACH,5999,,
TXN-00282,ACC-1006,2026-06-22T19:09:00,2309.11,USD,Grocery Mart,DE,CARD,7995,,
TXN-00145,ACC-1008,2026-06-22T19:44:00,953.37,USD,Shell Gas,SG,CARD,5999,,
TXN-00298,ACC-1011,2026-06-22T21:07:00,986.49,USD,Cash Deposit Kiosk,SG,CARD,5999,,
TXN-00172,ACC-1020,2026-06-23T01:25:00,370.62,USD,Crypto Exchange Alpha,DE,ACH,7995,,
TXN-00205,ACC-1021,2026-06-23T02:25:00,143.8,USD,Amazon,AU,ATM,5411,,
TXN-00247,ACC-1002,2026-06-23T07:46:00,196.63,USD,Shell Gas,AU,P2P,6011,BEN-1003,Jordan Kim
TXN-00140,ACC-1015,2026-06-23T10:35:00,518.12,USD,ATM Withdrawal,CA,ATM,4829,,
TXN-00248,ACC-1001,2026-06-23T17:21:00,2812.98,USD,Wire Transfer,AU,ATM,5999,,
TXN-00329,ACC-1022,2026-06-24T02:58:00,805.27,USD,Shell Gas,CA,ACH,6051,,
TXN-00293,ACC-1017,2026-06-24T04:12:00,1027.17,USD,Payroll Inc,CA,ATM,6051,,
TXN-00189,ACC-1023,2026-06-24T04:35:00,76.22,USD,Cash Deposit Kiosk,US,P2P,4829,BEN-1005,Casey Nguyen
TXN-00161,ACC-1017,2026-06-24T16:32:00,958.91,USD,Wire Transfer,DE,CARD,7995,,
TXN-00283,ACC-1004,2026-06-24T16:35:00,103.38,USD,Grocery Mart,US,WIRE,5411,BEN-1004,Taylor Brooks
TXN-00146,ACC-1017,2026-06-25T10:40:00,103.48,USD,Consulting Fees Ltd,AU,P2P,6051,BEN-1001,Alex Rivera
TXN-00337,ACC-1014,2026-06-25T12:05:00,283.29,USD,Payroll Inc,AU,WIRE,5411,BEN-1003,Jordan Kim
TXN-00221,ACC-1009,2026-06-25T13:49:00,51.73,USD,Cash Deposit Kiosk,DE,ACH,5999,,
TXN-00371,ACC-1012,2026-06-25T17:30:00,697.71,USD,Amazon,US,WIRE,7995,BEN-1001,Alex Rivera
TXN-00151,ACC-1019,2026-06-25T19:43:00,590.57,USD,Consulting Fees Ltd,GB,P2P,6011,BEN-1002,Morgan Lee
TXN-00382,ACC-1004,2026-06-25T22:50:00,39.01,USD,Wire Transfer,AU,ATM,4829,,
TXN-STRU-6890,ACC-1003,2026-06-26T00:00:00,9800.0,USD,Cash Deposit Kiosk,US,WIRE,6051,,
TXN-00290,ACC-1001,2026-06-26T01:36:00,320.88,USD,Crypto Exchange Alpha,CA,CARD,6051,,
TXN-00369,ACC-1008,2026-06-26T02:23:00,172.38,USD,Consulting Fees Ltd,SG,P2P,5999,BEN-1002,Morgan Lee
TXN-00043,ACC-1008,2026-06-26T04:42:00,289.68,USD,Offshore Holdings LLC,AU,ATM,4829,,
TXN-00355,ACC-1006,2026-06-26T07:35:00,133.92,USD,Offshore Holdings LLC,DE,ATM,7995,,
TXN-00395,ACC-1008,2026-06-26T11:07:00,240.79,USD,Crypto Exchange Alpha,CA,P2P,6011,BEN-1005,Casey Nguyen
TXN-00321,ACC-1020,2026-06-26T13:32:00,776.4,USD,Shell Gas,DE,ATM,5999,,
TXN-00113,ACC-1002,2026-06-26T15:04:00,6060.61,USD,Amazon,CA,WIRE,6051,BEN-1002,Morgan Lee
TXN-00251,ACC-1016,2026-06-26T17:30:00,1107.26,USD,Amazon,DE,WIRE,4829,BEN-1003,Jordan Kim
TXN-00085,ACC-1000,2026-06-26T18:36:00,232.31,USD,Amazon,AU,ACH,5999,,
TXN-00202,ACC-1007,2026-06-26T19:03:00,1327.9,USD,Crypto Exchange Alpha,US,CARD,6011,,
TXN-00104,ACC-1007,2026-06-26T22:15:00,337.84,USD,Cash Deposit Kiosk,DE,CARD,7995,,
TXN-STRU-5067,ACC-1003,2026-06-27T03:00:00,9700.0,USD,Cash Deposit Kiosk,US,P2P,6051,,
TXN-00302,ACC-1010,2026-06-27T04:26:00,917.84,USD,Crypto Exchange Alpha,AU,ATM,6051,,
TXN-00336,ACC-1009,2026-06-27T05:49:00,162.71,USD,ATM Withdrawal,GB,CARD,7995,,
TXN-00031,ACC-1015,2026-06-27T06:06:00,3094.88,USD,ATM Withdrawal,US,CARD,7995,,
TXN-00285,ACC-1019,2026-06-27T07:55:00,47.12,USD,Grocery Mart,GB,P2P,6011,BEN-1003,Jordan Kim
TXN-00200,ACC-1014,2026-06-27T08:13:00,597.99,USD,Shell Gas,CA,CARD,7995,,
TXN-00207,ACC-1020,2026-06-27T09:07:00,709.93,USD,Amazon,SG,CARD,6011,,
TXN-00186,ACC-1007,2026-06-27T10:52:00,678.96,USD,ATM Withdrawal,SG,ATM,5999,,
TXN-00118,ACC-1000,2026-06-27T14:44:00,1418.15,USD,Consulting Fees Ltd,CA,CARD,5411,,
TXN-00341,ACC-1021,2026-06-27T19:49:00,527.45,USD,Crypto Exchange Alpha,US,WIRE,5411,BEN-1001,Alex Rivera
TXN-00314,ACC-1005,2026-06-27T20:59:00,1696.0,USD,Consulting Fees Ltd,SG,WIRE,4829,BEN-1003,Jordan Kim
TXN-SHAR-9199,ACC-1004,2026-06-28T00:00:00,15500.0,USD,Cash Deposit Kiosk,AU,WIRE,6051,BEN-0099,Rapid Settlement Corp
TXN-00063,ACC-1022,2026-06-28T00:33:00,108.22,USD,Crypto Exchange Alpha,CA,CARD,7995,,
TXN-00236,ACC-1004,2026-06-28T02:58:00,43.48,USD,Consulting Fees Ltd,GB,CARD,5411,,
TXN-00204,ACC-1023,2026-06-28T05:08:00,88.64,USD,Payroll Inc,SG,WIRE,6051,BEN-1005,Casey Nguyen
TXN-STRU-1725,ACC-1003,2026-06-28T06:00:00,9650.0,USD,Cash Deposit Kiosk,GB,P2P,6051,,
TXN-00378,ACC-1003,2026-06-28T07:53:00,4486.3,USD,Grocery Mart,US,P2P,6051,BEN-1005,Casey Nguyen
TXN-00050,ACC-1020,2026-06-28T08:02:00,576.22,USD,Grocery Mart,US,WIRE,6011,BEN-1003,Jordan Kim
TXN-00209,ACC-1007,2026-06-28T18:25:00,27945.31,USD,Shell Gas,CA,ATM,4829,,
TXN-00095,ACC-1017,2026-06-28T21:23:00,80.65,USD,Payroll Inc,US,CARD,5411,,
TXN-00332,ACC-1016,2026-06-29T01:29:00,438.51,USD,Payroll Inc,GB,ATM,7995,,
TXN-00266,ACC-1022,2026-06-29T02:51:00,2430.01,USD,Grocery Mart,AU,CARD,5999,,
TXN-00182,ACC-1022,2026-06-29T02:57:00,124.22,USD,Grocery Mart,US,P2P,5411,BEN-1002,Morgan Lee
TXN-00284,ACC-1008,2026-06-29T07:09:00,4214.71,USD,Amazon,US,CARD,7995,,
TXN-00171,ACC-1014,2026-06-29T07:54:00,164.45,USD,Shell Gas,DE,CARD,6051,,
TXN-00112,ACC-1015,2026-06-29T10:11:00,431.06,USD,Offshore Holdings LLC,US,ATM,5411,,
TXN-00351,ACC-1002,2026-06-29T11:05:00,2044.47,USD,Crypto Exchange Alpha,CA,ACH,4829,,
TXN-00253,ACC-1012,2026-06-29T12:21:00,1256.03,USD,Consulting Fees Ltd,GB,ATM,4829,,
TXN-00220,ACC-1022,2026-06-29T14:33:00,5146.77,USD,Cash Deposit Kiosk,CA,WIRE,4829,BEN-1003,Jordan Kim
TXN-00051,ACC-1023,2026-06-29T17:45:00,264.12,USD,Payroll Inc,SG,ACH,5411,,
TXN-00074,ACC-1016,2026-06-30T01:35:00,22.61,USD,Shell Gas,GB,ATM,6011,,
TXN-00014,ACC-1020,2026-06-30T04:16:00,60.5,USD,Crypto Exchange Alpha,GB,P2P,4829,BEN-1005,Casey Nguyen
TXN-SHAR-6651,ACC-1015,2026-06-30T05:00:00,18200.0,USD,Cash Deposit Kiosk,GB,WIRE,6051,BEN-0099,Rapid Settlement Corp
TXN-00106,ACC-1022,2026-06-30T08:19:00,3212.5,USD,Crypto Exchange Alpha,DE,ACH,5999,,
TXN-00325,ACC-1003,2026-06-30T09:10:00,106.1,USD,Payroll Inc,SG,CARD,5999,,
TXN-00087,ACC-1006,2026-06-30T10:21:00,579.19,USD,Offshore Holdings LLC,SG,ATM,4829,,
TXN-00340,ACC-1007,2026-06-30T11:09:00,163.29,USD,Crypto Exchange Alpha,DE,ACH,5411,,
TXN-00131,ACC-1017,2026-06-30T13:03:00,435.03,USD,Payroll Inc,GB,CARD,6051,,
TXN-00099,ACC-1007,2026-06-30T18:39:00,311.67,USD,ATM Withdrawal,AU,CARD,5411,,
TXN-00318,ACC-1009,2026-06-30T20:34:00,576.27,USD,Consulting Fees Ltd,CA,WIRE,7995,BEN-1005,Casey Nguyen
TXN-00339,ACC-1009,2026-06-30T21:46:00,217.0,USD,ATM Withdrawal,CA,P2P,6011,BEN-1004,Taylor Brooks
TXN-00208,ACC-1019,2026-06-30T22:58:00,710.91,USD,Shell Gas,DE,ATM,5411,,
TXN-00032,ACC-1013,2026-06-30T23:03:00,397.48,USD,Shell Gas,AU,ACH,7995,,
TXN-00327,ACC-1004,2026-06-30T23:38:00,963.75,USD,ATM Withdrawal,DE,P2P,6051,BEN-1004,Taylor Brooks
TXN-00088,ACC-1002,2026-07-01T00:47:00,225.26,USD,Amazon,CA,CARD,6011,,
TXN-00188,ACC-1021,2026-07-01T02:05:00,158.94,USD,Shell Gas,US,ATM,5411,,
TXN-HIGH-8052,ACC-1007,2026-07-01T06:00:00,42000.0,USD,Offshore Holdings LLC,SY,WIRE,6051,,
TXN-00232,ACC-1009,2026-07-01T06:23:00,424.17,USD,Cash Deposit Kiosk,AU,ATM,7995,,
TXN-00036,ACC-1015,2026-07-01T06:55:00,507.63,USD,Amazon,SG,WIRE,5411,BEN-1004,Taylor Brooks
TXN-00280,ACC-1009,2026-07-01T07:51:00,457.08,USD,ATM Withdrawal,AU,CARD,7995,,
TXN-00357,ACC-1003,2026-07-01T10:58:00,293.68,USD,Grocery Mart,GB,CARD,7995,,
TXN-00179,ACC-1002,2026-07-01T14:49:00,8040.01,USD,Payroll Inc,DE,P2P,7995,BEN-1001,Alex Rivera
TXN-00399,ACC-1019,2026-07-01T18:25:00,1574.35,USD,Payroll Inc,CA,ATM,6051,,
TXN-00071,ACC-1007,2026-07-01T19:54:00,2190.4,USD,Consulting Fees Ltd,US,ATM,5999,,
TXN-00239,ACC-1009,2026-07-01T22:53:00,1030.37,USD,Consulting Fees Ltd,GB,ATM,6051,,
TXN-00142,ACC-1010,2026-07-01T22:58:00,68.84,USD,ATM Withdrawal,SG,WIRE,5411,BEN-1004,Taylor Brooks
TXN-00024,ACC-1023,2026-07-02T02:48:00,221.67,USD,Wire Transfer,CA,WIRE,6051,BEN-1004,Taylor Brooks
TXN-00096,ACC-1013,2026-07-02T03:27:00,558.77,USD,Consulting Fees Ltd,DE,WIRE,6011,BEN-1004,Taylor Brooks
TXN-00265,ACC-1022,2026-07-02T06:07:00,102.25,USD,Shell Gas,GB,ATM,6011,,
TXN-00129,ACC-1022,2026-07-02T09:42:00,231.87,USD,Payroll Inc,SG,ACH,7995,,
TXN-00157,ACC-1023,2026-07-02T09:49:00,679.4,USD,Cash Deposit Kiosk,GB,CARD,6011,,
TXN-00170,ACC-1003,2026-07-02T19:26:00,151.64,USD,Amazon,DE,CARD,6011,,
TXN-00132,ACC-1024,2026-07-02T20:28:00,125.39,USD,Crypto Exchange Alpha,US,CARD,6051,,
TXN-00136,ACC-1004,2026-07-02T22:18:00,170.45,USD,Offshore Holdings LLC,CA,ATM,7995,,
TXN-00217,ACC-1019,2026-07-03T12:29:00,310.91,USD,Payroll Inc,CA,ACH,7995,,
TXN-00076,ACC-1023,2026-07-03T13:53:00,443.97,USD,Consulting Fees Ltd,CA,WIRE,7995,BEN-1004,Taylor Brooks
TXN-00016,ACC-1004,2026-07-03T15:05:00,132.41,USD,Shell Gas,US,WIRE,5999,BEN-1002,Morgan Lee
TXN-00143,ACC-1004,2026-07-03T18:21:00,494.28,USD,Consulting Fees Ltd,US,ACH,6051,,
TXN-RAPI-2615,ACC-1012,2026-07-04T00:00:00,87000.0,USD,Crypto Exchange Alpha,US,P2P,6051,,
TXN-00022,ACC-1017,2026-07-04T00:38:00,434.54,USD,Consulting Fees Ltd,DE,ACH,5411,,
TXN-00350,ACC-1017,2026-07-04T04:24:00,567.93,USD,Offshore Holdings LLC,GB,WIRE,5999,BEN-1003,Jordan Kim
TXN-00345,ACC-1021,2026-07-04T07:26:00,520.74,USD,Offshore Holdings LLC,DE,ACH,6051,,
TXN-00312,ACC-1021,2026-07-04T07:40:00,1000.2,USD,Amazon,GB,ACH,7995,,
TXN-00184,ACC-1019,2026-07-04T09:29:00,315.51,USD,Cash Deposit Kiosk,CA,ATM,5411,,
TXN-00272,ACC-1021,2026-07-04T11:08:00,1450.23,USD,Cash Deposit Kiosk,CA,WIRE,7995,BEN-1002,Morgan Lee
TXN-00105,ACC-1017,2026-07-04T11:27:00,629.2,USD,Payroll Inc,AU,CARD,4829,,
TXN-00115,ACC-1007,2026-07-04T12:28:00,562.11,USD,Offshore Holdings LLC,SG,P2P,4829,BEN-1004,Taylor Brooks
TXN-00150,ACC-1007,2026-07-04T13:36:00,531.41,USD,Wire Transfer,AU,WIRE,5411,BEN-1002,Morgan Lee
TXN-RAPI-9366,ACC-1012,2026-07-04T20:00:00,86500.0,USD,Crypto Exchange Alpha,GB,WIRE,6051,,
TXN-00097,ACC-1023,2026-07-04T20:17:00,537.62,USD,Payroll Inc,CA,ATM,7995,,
TXN-00153,ACC-1021,2026-07-05T05:04:00,520.86,USD,Grocery Mart,SG,P2P,5999,BEN-1003,Jordan Kim
TXN-00255,ACC-1005,2026-07-05T09:20:00,236.83,USD,Shell Gas,US,CARD,5999,,
TXN-00305,ACC-1014,2026-07-05T10:34:00,459.0,USD,Offshore Holdings LLC,DE,P2P,6011,BEN-1004,Taylor Brooks
TXN-00338,ACC-1005,2026-07-05T12:33:00,635.38,USD,Crypto Exchange Alpha,GB,ACH,5411,,
TXN-00362,ACC-1004,2026-07-05T15:11:00,357.94,USD,Amazon,CA,P2P,5411,BEN-1001,Alex Rivera
TXN-00297,ACC-1016,2026-07-05T15:45:00,565.68,USD,Offshore Holdings LLC,CA,ATM,5411,,
TXN-00374,ACC-1008,2026-07-05T18:42:00,4309.17,USD,Wire Transfer,US,CARD,5411,,
TXN-00067,ACC-1012,2026-07-06T00:19:00,1216.69,USD,Crypto Exchange Alpha,DE,ATM,6051,,
TXN-00018,ACC-1008,2026-07-06T00:43:00,148.59,USD,Shell Gas,AU,P2P,5999,BEN-1003,Jordan Kim
TXN-00396,ACC-1021,2026-07-06T00:46:00,61.29,USD,Crypto Exchange Alpha,SG,ATM,4829,,
TXN-00264,ACC-1012,2026-07-06T03:16:00,305.57,USD,Consulting Fees Ltd,DE,WIRE,4829,BEN-1005,Casey Nguyen
TXN-00048,ACC-1003,2026-07-06T04:17:00,588.74,USD,Cash Deposit Kiosk,DE,WIRE,6011,BEN-1003,Jordan Kim
TXN-00353,ACC-1021,2026-07-06T06:30:00,338.35,USD,Grocery Mart,GB,CARD,5411,,
TXN-00387,ACC-1023,2026-07-06T07:36:00,3177.3,USD,Wire Transfer,CA,ATM,6011,,
TXN-00275,ACC-1020,2026-07-06T08:08:00,670.69,USD,Offshore Holdings LLC,AU,P2P,5411,BEN-1005,Casey Nguyen
TXN-00007,ACC-1002,2026-07-06T09:53:00,938.4,USD,Cash Deposit Kiosk,AU,CARD,6051,,
TXN-00047,ACC-1021,2026-07-06T09:59:00,1290.56,USD,Shell Gas,AU,WIRE,5411,BEN-1003,Jordan Kim
TXN-00380,ACC-1011,2026-07-06T12:27:00,160.18,USD,Cash Deposit Kiosk,GB,ATM,5411,,
TXN-00366,ACC-1017,2026-07-06T13:00:00,516.2,USD,Payroll Inc,US,CARD,6051,,
TXN-00267,ACC-1002,2026-07-06T17:18:00,83.67,USD,Wire Transfer,DE,WIRE,6051,BEN-1003,Jordan Kim
TXN-00269,ACC-1011,2026-07-06T18:23:00,465.83,USD,Payroll Inc,SG,WIRE,5411,BEN-1005,Casey Nguyen
TXN-00324,ACC-1023,2026-07-07T00:16:00,133.4,USD,Grocery Mart,AU,WIRE,5999,BEN-1001,Alex Rivera
TXN-00126,ACC-1008,2026-07-07T01:48:00,135.7,USD,Consulting Fees Ltd,GB,P2P,4829,BEN-1004,Taylor Brooks
TXN-00360,ACC-1012,2026-07-07T07:31:00,714.28,USD,Grocery Mart,CA,CARD,7995,,
TXN-00376,ACC-1005,2026-07-07T07:36:00,1053.16,USD,Payroll Inc,SG,CARD,7995,,
TXN-00358,ACC-1001,2026-07-07T07:47:00,575.36,USD,Amazon,GB,CARD,6051,,
TXN-00278,ACC-1024,2026-07-07T08:41:00,435.63,USD,Cash Deposit Kiosk,GB,ATM,6051,,
TXN-00344,ACC-1023,2026-07-07T10:36:00,240.29,USD,Grocery Mart,CA,WIRE,6011,BEN-1003,Jordan Kim
TXN-00213,ACC-1024,2026-07-07T18:28:00,825.95,USD,Cash Deposit Kiosk,AU,P2P,5999,BEN-1003,Jordan Kim
TXN-00375,ACC-1006,2026-07-08T04:48:00,173.45,USD,ATM Withdrawal,AU,ACH,4829,,
TXN-00175,ACC-1006,2026-07-08T06:52:00,1002.15,USD,Grocery Mart,GB,WIRE,5411,BEN-1005,Casey Nguyen
TXN-00098,ACC-1013,2026-07-08T08:20:00,405.7,USD,Shell Gas,GB,CARD,7995,,
TXN-00127,ACC-1005,2026-07-08T13:40:00,216.39,USD,Shell Gas,SG,ATM,4829,,
TXN-00015,ACC-1023,2026-07-08T13:57:00,217.34,USD,ATM Withdrawal,CA,CARD,6011,,
TXN-00042,ACC-1021,2026-07-08T18:33:00,355.24,USD,Offshore Holdings LLC,DE,WIRE,6011,BEN-1003,Jordan Kim
TXN-00081,ACC-1024,2026-07-08T22:01:00,597.54,USD,ATM Withdrawal,CA,ATM,5411,,
TXN-00359,ACC-1018,2026-07-08T23:26:00,162.4,USD,Wire Transfer,DE,WIRE,6011,BEN-1003,Jordan Kim
TXN-00017,ACC-1013,2026-07-09T02:24:00,570.02,USD,Cash Deposit Kiosk,SG,ATM,6051,,
TXN-DORM-7408,ACC-1019,2026-07-09T03:00:00,61000.0,USD,Cash Deposit Kiosk,DE,P2P,6051,,
TXN-00134,ACC-1020,2026-07-09T07:45:00,146.74,USD,Offshore Holdings LLC,GB,P2P,6051,BEN-1001,Alex Rivera
TXN-00061,ACC-1003,2026-07-09T13:22:00,328.91,USD,Grocery Mart,AU,ATM,6051,,
TXN-00101,ACC-1008,2026-07-09T22:56:00,253.99,USD,Payroll Inc,DE,ACH,6051,,
TXN-00116,ACC-1018,2026-07-10T01:39:00,388.32,USD,Shell Gas,AU,WIRE,4829,BEN-1002,Morgan Lee
TXN-00292,ACC-1021,2026-07-10T03:08:00,210.97,USD,ATM Withdrawal,US,CARD,4829,,
TXN-00229,ACC-1010,2026-07-10T04:38:00,851.98,USD,Wire Transfer,SG,WIRE,5999,BEN-1002,Morgan Lee
TXN-00230,ACC-1024,2026-07-10T05:46:00,180.66,USD,Amazon,SG,ATM,4829,,
TXN-00381,ACC-1024,2026-07-10T09:51:00,208.65,USD,Shell Gas,GB,ACH,4829,,
TXN-00244,ACC-1000,2026-07-10T11:15:00,107.73,USD,ATM Withdrawal,CA,WIRE,6051,BEN-1001,Alex Rivera
TXN-00303,ACC-1024,2026-07-10T15:55:00,789.51,USD,Amazon,AU,WIRE,6011,BEN-1005,Casey Nguyen
TXN-00299,ACC-1022,2026-07-11T00:38:00,806.41,USD,Offshore Holdings LLC,SG,P2P,6011,BEN-1005,Casey Nguyen
TXN-00249,ACC-1015,2026-07-11T05:51:00,629.85,USD,Shell Gas,GB,ATM,5411,,
TXN-00152,ACC-1014,2026-07-11T08:29:00,190.94,USD,Amazon,DE,ATM,4829,,
TXN-00049,ACC-1021,2026-07-11T08:32:00,58.01,USD,Offshore Holdings LLC,SG,ACH,5411,,
TXN-00326,ACC-1003,2026-07-11T09:23:00,1442.2,USD,Crypto Exchange Alpha,CA,WIRE,7995,BEN-1002,Morgan Lee
TXN-00111,ACC-1004,2026-07-11T15:06:00,391.83,USD,Cash Deposit Kiosk,US,CARD,7995,,
TXN-00390,ACC-1007,2026-07-11T15:38:00,150.17,USD,Crypto Exchange Alpha,CA,ATM,5411,,
TXN-00021,ACC-1009,2026-07-11T16:38:00,314.71,USD,Wire Transfer,GB,CARD,6011,,
TXN-00242,ACC-1013,2026-07-11T19:29:00,703.09,USD,Shell Gas,US,ATM,6051,,
TXN-00148,ACC-1003,2026-07-11T22:55:00,716.33,USD,Consulting Fees Ltd,US,WIRE,5411,BEN-1003,Jordan Kim
TXN-00315,ACC-1009,2026-07-12T01:58:00,412.86,USD,Cash Deposit Kiosk,US,WIRE,5999,BEN-1005,Casey Nguyen
TXN-00276,ACC-1016,2026-07-12T05:37:00,502.18,USD,Wire Transfer,CA,WIRE,5999,BEN-1005,Casey Nguyen
TXN-00218,ACC-1018,2026-07-12T06:20:00,236.54,USD,Consulting Fees Ltd,CA,P2P,5411,BEN-1002,Morgan Lee
TXN-00068,ACC-1019,2026-07-12T10:29:00,600.52,USD,Consulting Fees Ltd,SG,WIRE,7995,BEN-1005,Casey Nguyen
TXN-00372,ACC-1013,2026-07-12T10:36:00,1990.73,USD,Payroll Inc,US,ACH,6011,,
TXN-00356,ACC-1017,2026-07-12T11:19:00,395.3,USD,Grocery Mart,DE,P2P,7995,BEN-1004,Taylor Brooks
TXN-00347,ACC-1011,2026-07-12T21:24:00,85.78,USD,Grocery Mart,CA,ATM,7995,,
TXN-00073,ACC-1004,2026-07-12T22:00:00,2255.46,USD,ATM Withdrawal,US,WIRE,5999,BEN-1002,Morgan Lee
TXN-00103,ACC-1015,2026-07-12T22:31:00,166.92,USD,Amazon,SG,ACH,4829,,
TXN-00361,ACC-1023,2026-07-12T23:31:00,2177.67,USD,Wire Transfer,SG,CARD,6011,,
TXN-00398,ACC-1008,2026-07-13T04:45:00,355.67,USD,ATM Withdrawal,SG,ACH,7995,,
TXN-00173,ACC-1002,2026-07-13T06:41:00,587.14,USD,Cash Deposit Kiosk,AU,ACH,5411,,
TXN-00010,ACC-1006,2026-07-13T08:44:00,242.32,USD,Shell Gas,AU,P2P,6051,BEN-1002,Morgan Lee
TXN-00064,ACC-1002,2026-07-13T10:39:00,986.12,USD,Shell Gas,DE,CARD,6051,,
TXN-00066,ACC-1013,2026-07-13T12:43:00,372.71,USD,Wire Transfer,AU,P2P,4829,BEN-1005,Casey Nguyen
TXN-00065,ACC-1009,2026-07-13T13:20:00,1793.39,USD,Offshore Holdings LLC,SG,P2P,6011,BEN-1002,Morgan Lee
TXN-00226,ACC-1020,2026-07-13T13:32:00,432.99,USD,Amazon,DE,CARD,4829,,
TXN-00075,ACC-1014,2026-07-13T16:35:00,996.34,USD,Grocery Mart,CA,ATM,6051,,
TXN-00223,ACC-1008,2026-07-13T19:55:00,68.44,USD,Grocery Mart,GB,ACH,6051,,
TXN-00365,ACC-1020,2026-07-13T19:58:00,259.47,USD,Consulting Fees Ltd,SG,ACH,5411,,
TXN-00194,ACC-1019,2026-07-13T22:17:00,488.09,USD,Wire Transfer,US,CARD,5999,,
TXN-00199,ACC-1001,2026-07-14T02:17:00,114.75,USD,ATM Withdrawal,SG,ATM,6051,,
TXN-00259,ACC-1023,2026-07-14T05:01:00,945.86,USD,Cash Deposit Kiosk,GB,ATM,5411,,
TXN-00084,ACC-1021,2026-07-14T12:46:00,165.78,USD,Consulting Fees Ltd,GB,WIRE,6051,BEN-1005,Casey Nguyen
TXN-00352,ACC-1012,2026-07-14T19:38:00,1036.31,USD,Shell Gas,US,WIRE,5999,BEN-1005,Casey Nguyen
TXN-00164,ACC-1011,2026-07-14T23:43:00,1164.11,USD,Cash Deposit Kiosk,DE,ATM,5999,,
TXN-00001,ACC-1003,2026-07-14T23:57:00,346.51,USD,Shell Gas,CA,P2P,5411,BEN-1004,Taylor Brooks
TXN-00281,ACC-1002,2026-07-15T01:10:00,835.76,USD,ATM Withdrawal,SG,ATM,7995,,
TXN-00335,ACC-1011,2026-07-15T02:34:00,343.17,USD,Shell Gas,US,ATM,5411,,
TXN-00052,ACC-1002,2026-07-15T04:34:00,191.6,USD,Grocery Mart,US,P2P,6011,BEN-1005,Casey Nguyen
TXN-00393,ACC-1019,2026-07-15T06:30:00,3024.81,USD,Wire Transfer,DE,ATM,4829,,
TXN-00141,ACC-1006,2026-07-15T07:36:00,1699.11,USD,Crypto Exchange Alpha,SG,ATM,5411,,
TXN-00154,ACC-1013,2026-07-15T08:29:00,556.9,USD,Crypto Exchange Alpha,DE,ATM,7995,,
TXN-00123,ACC-1014,2026-07-15T09:44:00,86.31,USD,Offshore Holdings LLC,SG,P2P,7995,BEN-1005,Casey Nguyen
TXN-00169,ACC-1023,2026-07-15T17:26:00,176.07,USD,Wire Transfer,CA,ATM,5999,,
TXN-00373,ACC-1006,2026-07-15T18:30:00,1158.87,USD,Amazon,DE,ACH,5999,,
TXN-00394,ACC-1009,2026-07-15T20:31:00,1476.43,USD,Crypto Exchange Alpha,CA,CARD,7995,,
TXN-00307,ACC-1006,2026-07-15T22:31:00,210.45,USD,Consulting Fees Ltd,DE,CARD,6051,,
TXN-00008,ACC-1006,2026-07-16T02:02:00,240.71,USD,Crypto Exchange Alpha,AU,CARD,5411,,
TXN-00078,ACC-1002,2026-07-16T09:15:00,446.28,USD,Grocery Mart,DE,CARD,6051,,
TXN-00313,ACC-1010,2026-07-16T15:06:00,987.19,USD,Wire Transfer,AU,ACH,6051,,
TXN-00003,ACC-1006,2026-07-16T20:44:00,2154.54,USD,ATM Withdrawal,CA,WIRE,6051,BEN-1004,Taylor Brooks
